<?xml version="1.0" encoding="UTF-8"?>
<lint>
    <issue id="UnusedResources" >
        <ignore path="res/values/strings-cards.xml" />
        <ignore path="res/values/strings-expansions.xml" />
        <ignore path="res/values/strings-gametypes.xml" />
        <ignore path="res/values-de/strings-cards.xml" />
        <ignore path="res/values-de/strings-expansions.xml" />
        <ignore path="res/values-de/strings-gametypes.xml" />
        <ignore path="res/values-es/strings-cards.xml" />
        <ignore path="res/values-es/strings-expansions.xml" />
        <ignore path="res/values-es/strings-gametypes.xml" />
        <ignore path="res/values-fr/strings-cards.xml" />
        <ignore path="res/values-fr/strings-expansions.xml" />
        <ignore path="res/values-fr/strings-gametypes.xml" />
        <ignore path="res/values-ja/strings-cards.xml" />
        <ignore path="res/values-ja/strings-expansions.xml" />
        <ignore path="res/values-ja/strings-gametypes.xml" />
        <ignore path="res/values-nl/strings-cards.xml" />
        <ignore path="res/values-nl/strings-expansions.xml" />
        <ignore path="res/values-nl/strings-gametypes.xml" />
        <ignore path="res/values-ru/strings-cards.xml" />
        <ignore path="res/values-ru/strings-expansions.xml" />
        <ignore path="res/values-ru/strings-gametypes.xml" />
    </issue>
</lint>
